{"loss": 0.1, "_timestamp": 1755713410.989386, "_runtime": 1.9605481624603271, "_step": 11, "dict": {"val1": 1.0, "val2": 2}, "HT%3ML ": {"_type": "html-file", "sha256": "6cbe0d59722a9ed71a4600b4885bb124e3df52987e9add290f1fc69b80e88ac2", "size": 138, "path": "media/html/HT%3ML _11_6cbe0d59722a9ed71a46.html"}, "_wandb": {"runtime": 1}}